user_id,total_orders,avg_order_amount,avg_delivery_time,promo_usage_rate,late_night_pct,days_since_last_order,platform,user_location,is_churned,churn_prob
U0000,6,22.26,31.333333333333332,0.8333333333333334,0.0,86,iOS,Houston,1,0.1
U0002,1,8.94,46.0,0.0,1.0,81,iOS,Dallas,1,0.6
U0003,4,24.8175,49.25,0.75,0.25,102,iOS,Austin,1,0.7
U0004,4,18.689999999999998,28.5,0.25,0.25,14,iOS,Austin,0,0.1
U0005,3,26.493333333333336,27.0,0.6666666666666666,0.6666666666666666,60,Web,Plano,0,0.1
U0006,3,22.5,29.666666666666668,0.6666666666666666,0.0,73,Android,Austin,0,0.1
U0007,2,27.095,24.5,0.5,0.0,42,Android,San Antonio,0,0.2
U0008,4,31.875,22.75,0.5,0.25,29,Web,Austin,0,0.1
U0011,5,21.252,27.4,0.4,0.2,28,Android,San Antonio,0,0.1
U0012,3,26.080000000000002,46.666666666666664,0.6666666666666666,0.3333333333333333,0,Android,Dallas,1,0.30000000000000004
U0013,1,21.38,64.0,0.0,0.0,76,Android,Plano,1,0.6
U0014,4,35.43,23.75,0.25,0.0,70,Android,Dallas,0,0.1
U0015,3,21.636666666666667,32.333333333333336,0.6666666666666666,0.0,46,iOS,Dallas,0,0.1
U0016,3,27.206666666666667,35.666666666666664,0.3333333333333333,0.0,31,Web,Dallas,0,0.1
U0017,3,37.70666666666667,28.666666666666668,0.0,0.0,14,iOS,Houston,1,0.30000000000000004
U0018,2,32.555,33.0,0.0,0.0,29,Android,Houston,0,0.4
U0019,1,32.29,27.0,0.0,0.0,32,Android,Dallas,1,0.4
U0020,1,34.65,53.0,1.0,0.0,27,Android,Plano,1,0.4
U0021,2,6.955,32.5,0.5,0.5,221,iOS,San Antonio,1,0.6
U0022,2,23.490000000000002,41.5,0.0,0.0,151,iOS,San Antonio,1,0.7999999999999999
U0023,3,29.88,49.333333333333336,0.3333333333333333,0.6666666666666666,92,Android,Austin,1,0.7
U0024,1,3.38,38.0,0.0,0.0,94,iOS,Plano,1,0.7999999999999999
U0025,8,26.59,41.875,0.375,0.125,80,iOS,Houston,0,0.1
U0026,3,13.583333333333334,36.666666666666664,0.6666666666666666,0.3333333333333333,34,Android,Dallas,0,0.1
U0027,2,30.635,13.0,1.0,0.0,131,iOS,Austin,1,0.6
U0028,1,17.42,11.0,1.0,1.0,86,Web,San Antonio,0,0.2
U0029,4,17.025,34.5,0.5,0.5,114,Web,Houston,1,0.5
U0030,9,25.66222222222222,36.55555555555556,0.1111111111111111,0.3333333333333333,3,Web,Houston,1,0.30000000000000004
U0031,1,7.52,36.0,1.0,0.0,109,Web,Dallas,1,0.6
U0032,5,26.529999999999994,39.8,0.6,0.0,84,Android,San Antonio,0,0.1
U0034,4,26.584999999999997,54.25,0.25,0.0,127,Android,Houston,1,0.7
U0035,5,18.872,30.4,0.2,0.4,18,Web,Dallas,1,0.1
U0036,4,33.0325,27.25,0.75,0.5,81,Web,Plano,0,0.1
U0037,1,27.25,29.0,1.0,0.0,23,iOS,San Antonio,1,0.2
U0038,1,40.68,54.0,0.0,1.0,138,iOS,Houston,1,0.95
U0039,1,22.54,45.0,0.0,0.0,128,Web,Plano,1,0.7999999999999999
U0040,1,34.78,23.0,0.0,0.0,30,Web,Plano,0,0.4
U0041,6,25.46666666666667,27.666666666666668,0.6666666666666666,0.3333333333333333,54,Web,Plano,0,0.1
U0042,5,18.32,38.0,0.0,0.0,8,Web,Houston,0,0.30000000000000004
U0043,3,28.919999999999998,47.666666666666664,0.6666666666666666,0.0,159,iOS,Houston,1,0.7
U0044,2,25.32,35.0,1.0,0.0,138,Web,Austin,1,0.6
U0045,1,22.75,59.0,1.0,1.0,39,iOS,San Antonio,0,0.4
U0046,5,20.894,42.4,0.0,0.4,39,Web,Dallas,0,0.30000000000000004
U0048,7,31.71,29.428571428571427,0.42857142857142855,0.0,34,Web,Austin,0,0.1
U0049,2,25.105,28.0,0.5,0.0,69,iOS,Dallas,1,0.2
U0050,9,23.78222222222222,39.111111111111114,0.4444444444444444,0.1111111111111111,44,iOS,Austin,0,0.1
U0051,2,34.965,42.0,1.0,0.0,33,Android,Houston,0,0.2
U0052,1,24.26,28.0,0.0,1.0,26,Web,Plano,1,0.4
U0054,5,20.608,31.0,0.0,0.6,24,Android,Dallas,0,0.30000000000000004
U0055,1,33.51,57.0,0.0,0.0,70,iOS,Dallas,1,0.6
U0056,2,18.265,30.0,1.0,0.0,33,iOS,Dallas,0,0.2
U0057,2,15.075,33.0,0.5,0.0,10,Android,Dallas,0,0.2
U0058,4,25.77,38.5,0.75,0.5,73,Web,Austin,0,0.1
U0059,3,29.98,34.0,0.6666666666666666,0.0,16,iOS,Plano,1,0.1
U0060,4,21.325,38.0,0.25,0.5,74,Web,Houston,0,0.1
U0061,2,26.465,44.5,0.5,0.0,70,Web,Houston,1,0.2
U0063,3,16.133333333333333,18.666666666666668,0.6666666666666666,0.6666666666666666,334,Android,Houston,1,0.5
U0064,5,20.15,33.2,0.6,0.2,27,Android,Austin,0,0.1
U0065,6,33.89,32.166666666666664,0.5,0.5,68,Android,San Antonio,0,0.1
U0066,1,20.86,63.0,0.0,0.0,129,iOS,Plano,1,0.95
U0067,1,20.49,43.0,0.0,0.0,53,iOS,Dallas,0,0.4
U0068,4,16.3575,44.5,0.0,0.25,1,Android,San Antonio,0,0.30000000000000004
U0069,4,23.5675,33.75,0.5,0.0,2,iOS,Houston,0,0.1
U0070,5,24.324,29.6,0.2,0.2,4,Android,San Antonio,0,0.1
U0071,4,23.625,44.5,0.5,0.25,7,Web,Plano,0,0.1
U0072,3,30.113333333333333,26.333333333333332,0.3333333333333333,0.0,88,Web,Dallas,0,0.1
U0073,1,18.93,41.0,0.0,1.0,107,Web,Dallas,0,0.7999999999999999
U0074,1,15.54,44.0,1.0,0.0,45,Android,Plano,0,0.2
U0075,1,21.25,52.0,0.0,0.0,128,Web,Plano,1,0.95
U0077,4,22.4975,38.5,1.0,0.25,32,Web,Dallas,0,0.1
U0078,1,34.02,60.0,1.0,1.0,177,Web,San Antonio,1,0.7999999999999999
U0081,3,28.36,44.0,0.3333333333333333,0.0,2,Android,Plano,0,0.1
U0082,4,21.015,35.25,0.5,0.25,69,iOS,Houston,0,0.1
U0083,1,4.88,34.0,1.0,1.0,35,Android,Austin,0,0.2
U0084,1,25.25,30.0,1.0,0.0,20,Android,Dallas,0,0.2
U0085,4,16.4375,29.0,0.25,0.25,169,Web,Plano,0,0.5
U0086,2,40.035,21.0,1.0,0.5,46,Android,San Antonio,0,0.2
U0089,3,18.026666666666667,35.333333333333336,0.3333333333333333,0.3333333333333333,165,Android,Plano,0,0.5
U0090,2,9.035,25.5,0.5,0.0,162,Web,Plano,0,0.6
U0091,3,36.76333333333333,44.333333333333336,0.3333333333333333,0.0,40,Web,Plano,0,0.1
U0092,3,24.276666666666667,20.333333333333332,0.6666666666666666,0.0,173,iOS,San Antonio,0,0.5
U0093,1,5.69,48.0,1.0,1.0,111,Web,San Antonio,1,0.7999999999999999
U0094,4,27.005,31.25,0.0,0.25,25,Android,Plano,0,0.30000000000000004
U0096,1,26.27,23.0,0.0,1.0,29,iOS,Houston,1,0.4
U0097,1,46.04,43.0,0.0,0.0,7,Android,Houston,1,0.4
U0098,4,28.060000000000002,22.0,0.5,0.0,5,iOS,Houston,0,0.1
U0099,2,22.240000000000002,43.0,0.5,0.0,98,Android,San Antonio,1,0.6
U0100,1,28.06,46.0,0.0,0.0,268,iOS,San Antonio,1,0.95
U0101,4,21.8,20.75,0.0,0.0,75,Web,Austin,0,0.30000000000000004
U0102,4,22.607499999999998,49.25,0.0,0.25,53,Android,Houston,1,0.5
U0103,3,35.88,37.666666666666664,0.3333333333333333,0.6666666666666666,31,Android,Houston,0,0.1
U0104,5,30.818,27.4,0.8,0.0,2,iOS,Plano,0,0.1
U0105,7,30.117142857142856,34.714285714285715,0.8571428571428571,0.2857142857142857,8,iOS,San Antonio,0,0.1
U0106,2,26.42,42.0,0.5,0.0,85,Android,Houston,1,0.2
U0107,3,10.893333333333333,45.333333333333336,0.0,0.0,18,iOS,Austin,1,0.5
U0108,7,28.860000000000003,30.0,0.2857142857142857,0.14285714285714285,10,Android,Austin,0,0.1
U0109,4,23.8925,29.25,0.0,0.5,81,Web,Houston,0,0.30000000000000004
U0110,6,28.47666666666667,34.0,0.5,0.16666666666666666,29,iOS,San Antonio,0,0.1
U0113,4,32.915,45.5,0.75,0.0,3,Web,Austin,0,0.30000000000000004
U0114,4,27.435,38.75,0.25,0.25,135,Android,Dallas,0,0.5
U0115,6,28.218333333333334,41.166666666666664,0.5,0.3333333333333333,20,iOS,Dallas,0,0.1
U0116,2,12.774999999999999,54.5,0.5,0.0,146,Android,San Antonio,1,0.7999999999999999
U0117,1,47.64,45.0,1.0,0.0,117,Web,Houston,1,0.6
U0119,8,25.985,32.5,0.375,0.125,14,iOS,San Antonio,0,0.1
U0120,2,20.92,25.0,1.0,0.5,261,Web,San Antonio,1,0.6
U0122,2,16.44,19.0,1.0,0.5,170,iOS,Plano,1,0.6
U0123,5,16.363999999999997,43.6,0.0,0.2,36,Web,Plano,0,0.30000000000000004
U0124,3,24.63,53.333333333333336,0.0,0.3333333333333333,124,iOS,Austin,1,0.8999999999999999
U0125,5,20.86,28.0,0.6,0.4,84,Web,Dallas,0,0.1
U0126,4,27.0325,35.25,0.25,0.0,110,Android,San Antonio,0,0.5
U0127,2,24.165,29.0,0.0,0.5,10,iOS,Austin,0,0.4
U0128,1,23.89,29.0,1.0,0.0,189,Web,Dallas,0,0.6
U0129,6,24.995,30.333333333333332,0.6666666666666666,0.5,27,iOS,Houston,0,0.1
U0130,4,29.945,37.25,0.25,0.5,25,iOS,Plano,0,0.1
U0131,1,29.94,10.0,0.0,0.0,42,Android,Dallas,1,0.4
U0132,2,24.580000000000002,38.5,1.0,0.5,77,iOS,Houston,0,0.2
U0133,1,26.77,10.0,1.0,1.0,23,Web,Dallas,0,0.2
U0134,3,25.573333333333334,17.666666666666668,0.6666666666666666,0.3333333333333333,264,Web,Plano,1,0.5
U0136,3,23.349999999999998,31.333333333333332,0.6666666666666666,0.3333333333333333,101,Web,Austin,1,0.5
U0137,1,17.8,12.0,1.0,0.0,217,Android,San Antonio,0,0.6
U0138,4,21.23,17.0,0.5,0.0,46,iOS,Dallas,0,0.1
U0139,1,27.24,32.0,0.0,0.0,23,Android,Dallas,0,0.4
U0140,4,20.1925,41.0,0.25,0.0,11,iOS,Houston,0,0.1
U0141,1,33.08,25.0,0.0,0.0,151,iOS,Plano,0,0.7999999999999999
U0142,4,21.14,38.5,0.0,0.0,158,iOS,Dallas,1,0.7
U0143,5,20.97,43.4,0.6,0.0,142,Android,Plano,0,0.5
U0144,1,24.95,40.0,1.0,0.0,96,iOS,Dallas,0,0.6
U0145,2,28.08,50.0,0.5,0.0,116,Android,Austin,0,0.7999999999999999
U0146,1,24.38,42.0,0.0,1.0,38,Web,San Antonio,0,0.4
U0147,4,21.6325,30.0,0.75,0.0,145,Web,Dallas,1,0.5
U0148,6,29.625,34.833333333333336,0.0,0.3333333333333333,89,iOS,Plano,0,0.30000000000000004
U0149,2,25.77,40.0,1.0,0.0,327,Android,Austin,0,0.6
U0150,5,21.631999999999998,28.6,0.4,0.2,68,Web,Dallas,0,0.1
U0151,5,15.074000000000002,36.4,0.2,0.2,128,Android,Houston,0,0.5
U0152,2,30.365000000000002,33.0,0.5,0.0,155,Android,San Antonio,1,0.6
U0154,2,34.045,34.0,0.0,0.0,43,Web,Austin,0,0.4
U0155,3,35.52,50.666666666666664,0.3333333333333333,0.0,21,iOS,Houston,0,0.30000000000000004
U0156,7,27.527142857142856,27.857142857142858,0.2857142857142857,0.2857142857142857,212,iOS,Austin,0,0.5
U0158,4,23.7975,43.25,0.75,0.0,195,Web,Houston,1,0.5
U0159,3,23.326666666666668,44.333333333333336,1.0,0.6666666666666666,66,Android,Austin,1,0.1
U0160,4,23.285,40.25,0.0,0.5,91,Web,Houston,1,0.7
U0161,7,19.572857142857142,44.857142857142854,0.2857142857142857,0.42857142857142855,38,Android,Dallas,0,0.1
U0162,4,21.4,23.0,0.5,0.0,19,Android,Houston,0,0.1
U0163,3,27.766666666666666,32.333333333333336,0.6666666666666666,1.0,71,Android,Houston,0,0.1
U0164,1,19.66,37.0,1.0,0.0,312,Web,San Antonio,1,0.6
U0165,2,17.19,35.0,0.0,0.5,11,iOS,Houston,1,0.4
U0166,6,26.036666666666665,40.5,0.16666666666666666,0.16666666666666666,43,Android,Houston,1,0.30000000000000004
U0168,2,29.810000000000002,13.0,0.0,0.5,32,iOS,San Antonio,0,0.4
U0170,7,24.844285714285714,39.0,0.2857142857142857,0.0,11,iOS,Dallas,0,0.1
U0171,1,27.89,45.0,0.0,0.0,37,iOS,Dallas,0,0.4
U0172,3,15.540000000000001,18.666666666666668,0.6666666666666666,0.0,58,Web,Plano,0,0.1
U0173,6,27.284999999999997,40.666666666666664,0.3333333333333333,0.16666666666666666,11,Android,Houston,0,0.1
U0174,4,23.8275,39.25,0.0,0.0,29,iOS,Austin,0,0.30000000000000004
U0175,1,18.6,37.0,1.0,1.0,135,Web,San Antonio,1,0.6
U0176,6,20.855,47.5,0.16666666666666666,0.5,83,iOS,Austin,0,0.5
U0177,2,30.994999999999997,29.5,0.5,0.0,166,iOS,Plano,1,0.6
U0178,6,19.419999999999998,40.833333333333336,0.3333333333333333,0.0,2,Android,Dallas,0,0.1
U0179,3,36.97666666666667,30.333333333333332,0.6666666666666666,0.0,32,iOS,Dallas,0,0.1
U0181,2,26.23,23.0,0.5,0.5,27,iOS,Dallas,0,0.2
U0182,5,20.186,44.8,0.6,0.2,36,Android,Dallas,0,0.1
U0184,1,33.8,15.0,1.0,1.0,194,Web,San Antonio,1,0.6
U0185,3,28.066666666666663,56.333333333333336,0.0,0.0,53,Android,Plano,1,0.5
U0186,2,3.02,31.0,0.0,0.0,0,iOS,Dallas,1,0.4
U0187,3,29.01,45.0,0.3333333333333333,0.3333333333333333,31,Android,Dallas,0,0.1
U0188,6,23.07166666666667,33.166666666666664,0.5,0.16666666666666666,33,Web,Plano,0,0.1
U0189,2,25.095,37.0,0.0,0.5,2,Android,Houston,1,0.4
U0190,3,26.650000000000002,35.0,0.0,0.0,12,Android,Houston,1,0.30000000000000004
U0191,2,13.34,16.0,0.5,0.0,80,Android,Houston,0,0.2
U0192,5,19.818,31.4,0.2,0.6,30,Web,Plano,0,0.1
U0193,4,22.47,41.75,0.0,0.0,18,Android,Dallas,0,0.30000000000000004
U0194,2,18.395,40.0,0.0,0.0,122,Android,Plano,1,0.7999999999999999
U0195,4,31.5275,24.75,0.5,0.5,127,iOS,Plano,1,0.5
U0196,1,9.83,16.0,0.0,0.0,48,Web,Houston,0,0.4
U0197,7,25.15857142857143,38.0,0.2857142857142857,0.14285714285714285,14,Android,Austin,0,0.1
U0199,4,19.57,32.75,0.25,0.25,35,Android,Houston,0,0.1
U0200,3,38.37,38.0,0.0,0.3333333333333333,114,Android,Austin,1,0.7
U0201,3,22.22666666666667,21.333333333333332,0.3333333333333333,0.3333333333333333,45,Android,Austin,0,0.1
U0202,4,28.7725,35.0,0.5,0.0,40,iOS,San Antonio,0,0.1
U0203,5,17.04,39.8,0.2,0.2,11,iOS,Dallas,0,0.1
U0204,4,22.35,29.75,0.0,0.25,4,iOS,Austin,0,0.30000000000000004
U0205,5,29.172000000000004,31.6,0.2,0.0,58,Web,Houston,1,0.1
U0206,2,14.725,52.5,0.5,0.5,311,Web,San Antonio,1,0.7999999999999999
U0207,3,30.55,26.666666666666668,0.3333333333333333,0.3333333333333333,54,iOS,Dallas,0,0.1
U0208,3,29.51,24.0,0.3333333333333333,0.3333333333333333,61,Web,Plano,0,0.1
U0209,4,12.8625,40.5,0.5,0.25,8,Android,Houston,0,0.1
U0210,3,22.33666666666667,27.333333333333332,0.6666666666666666,0.0,18,Android,Austin,0,0.1
U0212,4,18.8525,44.25,0.0,0.5,103,iOS,Houston,1,0.7
U0213,1,30.73,41.0,1.0,0.0,74,Web,Austin,1,0.2
U0214,2,17.62,24.5,1.0,0.0,169,iOS,San Antonio,1,0.6
U0215,4,29.3275,35.75,0.0,0.25,163,Web,Dallas,0,0.7
U0216,2,18.990000000000002,35.0,0.5,0.5,108,Android,San Antonio,1,0.6
U0217,2,24.875,33.5,0.5,0.0,82,iOS,Austin,0,0.2
U0218,5,29.244,32.4,0.2,0.6,23,Web,Plano,0,0.1
U0219,2,43.22,42.0,0.5,0.5,94,Web,Dallas,0,0.6
U0220,3,18.94333333333333,32.666666666666664,0.6666666666666666,0.0,34,Android,Dallas,0,0.1
U0221,4,25.545,21.0,0.25,0.0,17,iOS,Houston,0,0.1
U0222,4,26.169999999999998,33.5,0.5,0.0,161,iOS,Houston,1,0.5
U0223,2,23.63,46.0,0.0,1.0,37,iOS,Plano,1,0.6
U0224,4,29.5975,25.25,0.0,0.0,22,Android,Dallas,0,0.30000000000000004
U0225,1,30.1,24.0,0.0,0.0,162,iOS,Plano,1,0.7999999999999999
U0227,1,34.5,54.0,1.0,0.0,42,Android,Houston,0,0.4
U0228,2,12.32,45.0,1.0,0.5,15,Android,Dallas,1,0.2
U0229,3,15.096666666666666,22.0,0.3333333333333333,0.3333333333333333,109,Web,San Antonio,0,0.5
U0230,8,20.79375,30.875,0.5,0.25,14,iOS,Austin,0,0.1
U0231,1,42.52,34.0,0.0,0.0,109,iOS,Houston,1,0.7999999999999999
U0232,4,22.2075,31.75,0.75,0.25,62,Android,Houston,0,0.1
U0233,2,17.87,36.0,0.0,0.5,147,Android,San Antonio,1,0.7999999999999999
U0234,3,32.083333333333336,43.0,0.6666666666666666,1.0,4,iOS,San Antonio,1,0.1
U0235,2,24.23,21.0,0.5,0.0,58,Android,Plano,0,0.2
U0238,1,20.91,37.0,1.0,1.0,90,Android,Austin,0,0.2
U0239,2,30.020000000000003,45.0,0.0,0.0,51,iOS,Dallas,1,0.4
U0240,4,19.535,30.25,0.75,0.25,14,Android,Plano,0,0.1
U0241,1,31.24,13.0,0.0,0.0,102,iOS,Houston,1,0.7999999999999999
U0242,3,25.963333333333335,35.0,0.0,0.3333333333333333,18,iOS,Plano,0,0.30000000000000004
U0243,1,17.51,30.0,0.0,1.0,182,Android,Houston,1,0.7999999999999999
U0244,4,30.955,37.75,0.0,0.25,27,Web,San Antonio,0,0.30000000000000004
U0246,4,26.880000000000003,21.25,0.25,0.25,26,iOS,San Antonio,0,0.1
U0247,2,16.415,41.0,0.0,0.0,47,iOS,Austin,1,0.4
U0248,3,25.419999999999998,35.333333333333336,0.6666666666666666,0.3333333333333333,22,Web,Austin,0,0.1
U0249,2,15.6,34.0,0.0,0.5,45,Web,Dallas,0,0.4
U0250,3,35.64666666666667,24.666666666666668,0.3333333333333333,0.6666666666666666,11,Android,Plano,1,0.1
U0251,3,15.550000000000002,31.0,0.6666666666666666,0.3333333333333333,9,Web,San Antonio,0,0.1
U0252,3,37.63333333333333,36.666666666666664,0.6666666666666666,0.3333333333333333,204,Android,Houston,0,0.5
U0254,5,19.3,41.2,0.4,0.0,47,Web,Austin,0,0.1
U0256,5,20.794,26.8,0.2,0.4,103,Web,San Antonio,1,0.5
U0257,3,24.076666666666668,35.0,0.6666666666666666,0.3333333333333333,5,Android,San Antonio,0,0.1
U0258,3,22.396666666666665,36.666666666666664,0.6666666666666666,0.0,27,Web,Plano,0,0.1
U0259,3,24.05666666666667,20.666666666666668,0.3333333333333333,0.3333333333333333,148,Web,Plano,0,0.5
U0260,1,5.27,48.0,0.0,0.0,46,Android,Dallas,0,0.6
U0261,8,23.63375,24.75,0.25,0.0,15,iOS,Austin,0,0.1
U0262,3,32.26333333333333,24.333333333333332,0.0,0.3333333333333333,88,Android,Plano,0,0.30000000000000004
U0263,6,29.008333333333336,26.833333333333332,0.0,0.3333333333333333,106,Web,San Antonio,0,0.7
U0264,1,29.43,36.0,0.0,0.0,63,iOS,Houston,0,0.4
U0265,3,38.45333333333333,42.0,0.3333333333333333,0.0,15,Android,San Antonio,0,0.1
U0266,2,16.625,27.5,0.5,0.5,10,Android,Austin,0,0.2
U0267,2,29.050000000000004,23.5,0.0,0.0,337,Android,San Antonio,1,0.7999999999999999
U0268,4,23.3975,24.75,0.0,0.25,59,iOS,Dallas,0,0.30000000000000004
U0269,3,32.919999999999995,42.0,0.0,0.6666666666666666,321,Web,Austin,1,0.7
U0270,2,23.84,33.0,0.0,0.0,24,Android,Houston,1,0.4
U0271,3,22.156666666666666,33.666666666666664,0.6666666666666666,0.3333333333333333,165,Android,Dallas,1,0.5
U0272,7,29.535714285714285,38.0,0.2857142857142857,0.14285714285714285,36,Android,Austin,1,0.1
U0273,2,33.089999999999996,28.0,0.5,0.0,11,Android,Houston,1,0.2
U0274,3,13.65,35.333333333333336,0.6666666666666666,0.0,8,Android,Dallas,0,0.1
U0275,1,26.45,55.0,0.0,0.0,221,Web,Dallas,1,0.95
U0276,3,17.833333333333332,47.333333333333336,0.3333333333333333,0.6666666666666666,116,Web,Austin,0,0.7
U0277,5,22.492,38.6,0.8,0.0,2,Android,Plano,0,0.1
U0278,2,30.189999999999998,10.0,0.5,0.0,97,iOS,Dallas,0,0.6
U0279,3,23.55333333333333,25.666666666666668,0.3333333333333333,0.6666666666666666,71,Web,Dallas,0,0.1
U0280,5,24.848000000000003,39.4,0.2,0.4,163,iOS,Houston,0,0.5
U0281,11,27.45181818181818,35.45454545454545,0.2727272727272727,0.45454545454545453,11,Web,San Antonio,0,0.1
U0282,4,34.6325,53.5,0.5,0.0,60,Android,Austin,0,0.30000000000000004
U0283,4,27.409999999999997,43.25,0.25,0.25,61,Web,Austin,0,0.1
U0284,2,16.735,40.5,0.0,0.0,85,Android,Plano,0,0.4
U0285,7,24.90285714285714,25.285714285714285,0.42857142857142855,0.2857142857142857,70,Web,Plano,1,0.1
U0286,3,19.913333333333338,36.0,0.6666666666666666,0.0,27,Android,Austin,0,0.1
U0287,3,22.853333333333335,43.666666666666664,1.0,0.0,47,Android,Plano,0,0.1
U0288,3,28.790000000000003,28.333333333333332,0.3333333333333333,0.3333333333333333,131,Android,Houston,1,0.5
U0289,7,27.482857142857142,30.714285714285715,0.14285714285714285,0.42857142857142855,12,Android,Austin,1,0.30000000000000004
U0292,2,33.77,50.5,0.0,0.0,48,iOS,San Antonio,1,0.6
U0293,5,23.59,27.0,0.6,0.2,15,iOS,Dallas,0,0.1
U0294,1,34.44,24.0,0.0,0.0,114,Android,Austin,1,0.7999999999999999
U0295,1,27.91,26.0,0.0,0.0,127,iOS,Dallas,1,0.7999999999999999
U0296,5,26.236,31.6,0.2,0.0,86,Web,Plano,0,0.1
U0297,3,19.30666666666667,37.666666666666664,0.3333333333333333,0.0,173,Android,Dallas,0,0.5
U0298,5,27.0,27.8,0.6,0.4,36,iOS,Austin,0,0.1
U0299,2,33.205,33.0,0.0,0.0,35,Android,San Antonio,0,0.4
U0300,1,15.55,62.0,0.0,1.0,81,Android,Plano,1,0.6
U0301,1,7.35,28.0,0.0,0.0,124,Android,Austin,0,0.7999999999999999
U0302,1,9.77,39.0,1.0,1.0,93,iOS,Plano,1,0.6
U0303,4,24.7025,34.5,0.25,0.0,136,Web,Houston,0,0.5
U0304,5,28.226,44.6,0.4,0.6,108,Web,Dallas,1,0.5
U0305,7,29.25,33.57142857142857,0.5714285714285714,0.42857142857142855,5,iOS,Houston,0,0.1
U0307,3,29.876666666666665,48.0,1.0,0.0,98,iOS,San Antonio,0,0.7
U0308,2,13.975,38.0,0.0,0.0,100,iOS,Plano,1,0.7999999999999999
U0309,7,23.461428571428574,34.285714285714285,0.42857142857142855,0.2857142857142857,9,iOS,Dallas,0,0.1
U0310,5,26.568,29.4,0.4,0.0,33,Android,Plano,0,0.1
U0311,2,8.45,49.0,0.5,0.0,64,iOS,Austin,0,0.4
U0313,6,21.846666666666664,43.166666666666664,0.6666666666666666,0.0,88,iOS,Dallas,0,0.1
U0314,3,25.25666666666667,28.0,0.3333333333333333,0.3333333333333333,31,Web,Austin,0,0.1
U0315,1,11.64,51.0,0.0,0.0,77,iOS,Plano,0,0.6
U0316,4,21.717499999999998,43.75,0.0,0.0,71,iOS,San Antonio,1,0.30000000000000004
U0317,3,27.436666666666667,46.333333333333336,0.3333333333333333,0.6666666666666666,18,Web,Austin,1,0.30000000000000004
U0318,2,27.185,25.5,0.0,0.5,65,Android,Austin,0,0.4
U0319,3,20.256666666666668,34.0,0.0,0.3333333333333333,40,Android,San Antonio,0,0.30000000000000004
U0320,7,19.034285714285716,32.142857142857146,0.5714285714285714,0.2857142857142857,23,iOS,Houston,0,0.1
U0321,1,26.43,10.0,1.0,1.0,76,Web,Dallas,1,0.2
U0322,2,17.689999999999998,34.0,1.0,0.5,66,Android,Houston,0,0.2
U0325,6,27.286666666666665,22.5,0.3333333333333333,0.16666666666666666,91,Android,Houston,1,0.5
U0326,5,18.534,36.0,0.4,0.6,3,Android,Austin,0,0.1
U0327,5,22.468,46.6,0.6,0.4,21,Web,Plano,1,0.30000000000000004
U0328,10,21.451999999999998,43.1,0.4,0.1,23,Web,Plano,0,0.1
U0329,5,32.632,39.0,0.4,0.4,180,Web,Houston,1,0.5
U0330,2,26.795,44.0,0.5,0.5,83,Web,Houston,0,0.2
U0331,2,42.56,27.5,0.0,0.5,150,iOS,San Antonio,1,0.7999999999999999
U0332,4,26.945,39.0,0.25,0.0,82,Web,Dallas,0,0.1
U0333,6,25.215000000000003,28.5,0.3333333333333333,0.16666666666666666,53,Android,Houston,0,0.1
U0334,4,23.8575,20.25,0.5,0.5,12,Android,Houston,0,0.1
U0335,1,26.58,37.0,1.0,1.0,328,iOS,Austin,0,0.6
U0337,2,39.099999999999994,30.0,0.0,0.0,174,Android,Dallas,1,0.7999999999999999
U0340,2,34.42,40.5,0.0,0.0,97,iOS,San Antonio,1,0.7999999999999999
U0341,2,36.71,39.0,0.0,1.0,36,Web,Houston,1,0.4
U0342,5,19.162,34.4,0.0,0.2,38,Web,Houston,0,0.30000000000000004
U0343,4,21.619999999999997,39.5,0.0,0.25,213,iOS,San Antonio,1,0.7
U0344,4,20.565,25.75,0.5,0.5,50,Web,Houston,0,0.1
U0345,3,29.426666666666666,17.666666666666668,0.3333333333333333,0.6666666666666666,50,Web,Dallas,0,0.1
U0346,3,25.53333333333333,33.666666666666664,0.0,0.3333333333333333,168,iOS,Houston,1,0.7
U0348,4,18.035,22.5,0.75,0.0,37,iOS,Houston,1,0.1
U0349,1,36.54,19.0,0.0,0.0,89,iOS,Austin,0,0.4
U0351,5,28.112000000000002,43.4,0.2,0.6,47,Android,Austin,0,0.1
U0352,1,33.48,44.0,1.0,1.0,314,Web,Austin,1,0.6
U0353,3,21.11,13.666666666666666,0.6666666666666666,0.3333333333333333,15,Web,Plano,0,0.1
U0354,1,28.06,33.0,1.0,0.0,105,iOS,Dallas,0,0.6
U0355,2,16.765,43.0,0.5,0.0,180,Web,Dallas,0,0.6
U0356,4,40.5325,18.5,0.5,0.5,47,iOS,Dallas,0,0.1
U0357,2,25.689999999999998,44.5,0.0,0.5,5,iOS,Dallas,0,0.4
U0358,1,26.92,36.0,1.0,1.0,30,Web,Dallas,0,0.2
U0359,3,25.286666666666665,30.0,0.0,0.3333333333333333,21,iOS,Plano,0,0.30000000000000004
U0360,2,26.675,24.0,1.0,0.0,48,Android,Houston,0,0.2
U0361,9,25.426666666666666,31.77777777777778,0.3333333333333333,0.2222222222222222,74,Web,Austin,0,0.1
U0362,1,17.11,10.0,0.0,1.0,16,Android,Dallas,0,0.4
U0363,1,16.58,40.0,1.0,0.0,64,Web,Houston,0,0.2
U0364,2,26.525000000000002,14.0,0.5,0.5,57,iOS,Houston,1,0.2
U0365,2,23.345,53.0,0.0,0.0,5,Web,Austin,1,0.6
U0366,1,23.45,34.0,0.0,0.0,183,Android,Plano,0,0.7999999999999999
U0367,5,27.887999999999998,30.6,0.8,0.0,14,iOS,San Antonio,1,0.1
U0368,5,21.676,43.0,0.6,0.0,2,Web,San Antonio,0,0.1
U0369,3,29.189999999999998,22.333333333333332,0.3333333333333333,0.3333333333333333,41,Web,Houston,0,0.1
U0370,2,29.935000000000002,33.5,0.0,0.5,22,Web,Austin,0,0.4
U0371,7,25.640000000000004,24.428571428571427,0.2857142857142857,0.14285714285714285,14,Android,San Antonio,0,0.1
U0372,5,29.442,31.6,0.4,0.2,19,Android,Houston,0,0.1
U0373,2,16.23,55.0,0.5,0.0,2,Web,Plano,1,0.4
U0374,2,30.909999999999997,43.0,0.5,0.0,30,iOS,San Antonio,0,0.2
U0375,8,18.905,25.375,0.375,0.25,61,iOS,Houston,0,0.1
U0377,3,31.060000000000002,43.333333333333336,0.0,0.0,38,iOS,Dallas,1,0.30000000000000004
U0378,7,23.904285714285713,31.285714285714285,0.5714285714285714,0.2857142857142857,36,Android,Plano,0,0.1
U0380,1,35.35,22.0,0.0,0.0,58,Android,Austin,0,0.4
U0381,7,21.24285714285714,36.857142857142854,0.5714285714285714,0.2857142857142857,29,Android,Dallas,0,0.1
U0383,2,27.6,20.5,0.0,0.0,132,iOS,San Antonio,1,0.7999999999999999
U0384,1,17.77,40.0,0.0,0.0,116,Android,Houston,1,0.7999999999999999
U0385,2,30.39,36.0,1.0,0.0,19,Android,Plano,0,0.2
U0386,2,21.439999999999998,50.0,1.0,0.5,124,Web,Dallas,1,0.7999999999999999
U0387,3,28.273333333333337,34.333333333333336,0.3333333333333333,0.3333333333333333,11,iOS,Plano,1,0.1
U0388,6,22.581666666666667,35.833333333333336,0.3333333333333333,0.0,9,Android,Dallas,0,0.1
U0389,1,36.05,38.0,1.0,0.0,47,Web,Austin,0,0.2
U0391,2,33.325,48.5,0.5,0.0,114,Web,San Antonio,0,0.7999999999999999
U0392,3,37.47666666666667,46.333333333333336,1.0,0.3333333333333333,60,iOS,Houston,0,0.30000000000000004
U0393,1,23.97,23.0,0.0,0.0,75,iOS,Austin,1,0.4
U0394,7,30.821428571428573,32.0,0.5714285714285714,0.14285714285714285,92,iOS,Dallas,0,0.5
U0395,7,29.512857142857143,36.57142857142857,0.14285714285714285,0.2857142857142857,42,iOS,Plano,0,0.30000000000000004
U0396,3,24.143333333333334,42.666666666666664,0.0,0.0,12,Android,Austin,0,0.30000000000000004
U0397,2,23.5,21.5,1.0,0.0,263,Android,Austin,1,0.6
U0399,5,25.736,34.6,0.4,0.4,82,iOS,Austin,0,0.1
U0400,5,22.96,38.2,0.2,0.0,70,iOS,Plano,0,0.1
U0402,3,9.946666666666667,37.0,0.0,0.6666666666666666,29,iOS,Plano,0,0.30000000000000004
U0403,2,25.240000000000002,42.0,0.5,0.5,48,iOS,Dallas,0,0.2
U0404,4,25.29,35.75,0.25,0.0,10,iOS,Houston,0,0.1
U0405,5,29.939999999999998,36.8,0.6,0.2,4,Web,Austin,0,0.1
U0406,2,20.3,27.5,0.0,0.0,64,iOS,Houston,1,0.4
U0407,1,23.24,12.0,0.0,0.0,99,Web,Plano,1,0.7999999999999999
U0408,3,29.003333333333334,34.333333333333336,0.0,0.0,37,Web,Austin,0,0.30000000000000004
U0409,4,27.627499999999998,31.75,0.5,0.5,37,iOS,San Antonio,0,0.1
U0410,7,24.334285714285716,41.857142857142854,0.42857142857142855,0.5714285714285714,62,Web,Houston,0,0.1
U0412,3,28.963333333333335,33.0,0.0,0.0,304,Android,Houston,0,0.7
U0413,4,26.56,30.25,0.5,0.0,73,Android,Austin,0,0.1
U0414,2,29.02,16.5,0.5,0.5,178,Android,Dallas,1,0.6
U0415,6,24.14833333333333,32.833333333333336,0.6666666666666666,0.0,151,Android,Houston,1,0.5
U0416,4,24.5375,34.5,0.25,0.5,3,Web,San Antonio,0,0.1
U0417,3,16.03333333333333,31.0,0.3333333333333333,0.0,11,iOS,San Antonio,0,0.1
U0418,2,33.04,26.0,1.0,0.0,82,iOS,Plano,0,0.2
U0420,1,16.4,28.0,1.0,0.0,50,Android,Houston,0,0.2
U0421,6,17.893333333333334,41.0,0.3333333333333333,0.0,120,Android,Plano,0,0.5
U0422,1,19.05,41.0,0.0,0.0,77,iOS,Houston,0,0.4
U0423,2,26.36,51.0,0.0,0.5,54,Android,Austin,1,0.6
U0424,1,31.91,10.0,1.0,1.0,86,iOS,San Antonio,0,0.2
U0425,2,20.354999999999997,35.0,0.5,1.0,77,iOS,Dallas,0,0.2
U0427,3,33.01333333333333,26.333333333333332,0.6666666666666666,0.0,24,iOS,Plano,0,0.1
U0428,4,28.6425,30.25,0.5,0.5,49,iOS,Dallas,0,0.1
U0429,3,21.326666666666668,45.333333333333336,0.0,0.0,171,iOS,Plano,1,0.8999999999999999
U0430,3,23.24666666666667,36.666666666666664,0.6666666666666666,0.3333333333333333,2,iOS,Austin,0,0.1
U0431,1,24.38,15.0,1.0,0.0,161,Android,Dallas,0,0.6
U0432,5,19.15,33.8,0.2,0.2,2,iOS,Plano,0,0.1
U0433,2,17.064999999999998,30.0,0.0,0.0,35,iOS,Austin,1,0.4
U0435,5,28.616000000000003,40.2,0.4,0.0,39,Android,Austin,1,0.1
U0436,5,26.78,38.4,0.0,0.4,24,Android,Houston,0,0.30000000000000004
U0437,1,21.81,14.0,1.0,1.0,65,iOS,Austin,0,0.2
U0438,1,34.16,52.0,0.0,0.0,195,Web,Austin,1,0.95
U0439,4,21.3175,34.5,0.0,0.5,21,Web,Houston,0,0.30000000000000004
U0440,1,21.4,59.0,1.0,0.0,44,Android,Plano,0,0.4
U0441,3,22.53333333333333,36.0,0.3333333333333333,0.3333333333333333,97,Web,Plano,1,0.5
U0442,4,18.9175,41.75,0.5,0.25,121,Android,Austin,0,0.5
U0443,5,27.058000000000003,42.4,0.2,0.2,6,iOS,Houston,0,0.1
U0444,6,18.811666666666664,30.833333333333332,1.0,0.3333333333333333,91,Web,Houston,1,0.5
U0445,3,29.246666666666666,33.333333333333336,0.3333333333333333,0.3333333333333333,76,iOS,San Antonio,0,0.1
U0446,5,26.682,24.8,0.2,0.0,194,Web,Plano,1,0.5
U0448,3,16.936666666666667,31.666666666666668,0.6666666666666666,0.0,49,Web,Plano,0,0.1
U0449,2,23.975,27.0,0.5,0.5,62,iOS,Plano,0,0.2
U0450,4,24.045,32.25,0.25,0.0,19,iOS,San Antonio,0,0.1
U0451,4,29.21,34.0,0.5,0.5,83,Web,Dallas,0,0.1
U0452,10,23.343,34.8,0.4,0.3,50,iOS,San Antonio,0,0.1
U0453,2,19.060000000000002,46.0,0.0,0.5,107,iOS,Dallas,1,0.95
U0454,1,21.42,40.0,1.0,0.0,8,iOS,Austin,1,0.2
U0455,2,30.549999999999997,38.0,0.0,0.5,2,Web,Dallas,0,0.4
U0456,1,37.99,39.0,1.0,0.0,117,Web,San Antonio,1,0.6
U0457,2,19.735,20.5,0.0,0.0,15,iOS,Plano,1,0.4
U0458,3,23.25,23.333333333333332,0.3333333333333333,0.0,88,iOS,Dallas,0,0.1
U0459,4,17.2375,26.0,0.25,0.25,42,Web,Dallas,0,0.1
U0460,1,38.61,35.0,1.0,0.0,58,Web,Houston,0,0.2
U0461,1,32.13,10.0,0.0,0.0,66,iOS,Plano,1,0.4
U0462,3,20.596666666666668,40.333333333333336,0.3333333333333333,0.3333333333333333,95,iOS,Austin,1,0.5
U0463,1,32.52,26.0,1.0,1.0,240,iOS,San Antonio,1,0.6
U0464,3,26.810000000000002,36.666666666666664,0.6666666666666666,0.3333333333333333,147,Android,Austin,1,0.5
U0465,3,30.113333333333333,41.0,0.3333333333333333,0.3333333333333333,1,Web,Plano,0,0.1
U0466,8,25.03,26.0,0.5,0.25,22,Android,Dallas,0,0.1
U0467,3,27.233333333333334,30.333333333333332,0.3333333333333333,0.3333333333333333,19,Web,Dallas,0,0.1
U0468,3,23.05666666666667,53.0,0.6666666666666666,0.3333333333333333,124,Web,Plano,1,0.7
U0469,8,27.5775,29.75,0.375,0.25,19,Web,Dallas,0,0.1
U0470,1,23.67,19.0,0.0,1.0,361,Web,Dallas,1,0.7999999999999999
U0471,5,35.832,45.2,0.4,0.0,76,Web,Dallas,1,0.30000000000000004
U0472,2,28.724999999999998,27.0,0.0,0.0,2,Web,San Antonio,0,0.4
U0473,2,25.52,38.5,0.0,0.5,99,Web,San Antonio,0,0.7999999999999999
U0474,2,23.02,15.0,1.0,0.0,83,Android,Houston,0,0.2
U0475,1,44.02,33.0,1.0,0.0,75,iOS,Austin,0,0.2
U0476,8,27.54,39.0,0.25,0.5,75,iOS,Plano,0,0.1
U0477,6,30.183333333333334,33.5,0.5,0.16666666666666666,74,Android,Plano,0,0.1
U0478,2,19.520000000000003,16.5,0.0,0.0,64,Android,Plano,0,0.4
U0479,5,29.206,31.4,0.4,0.6,8,Android,Houston,1,0.1
U0480,3,30.176666666666666,33.333333333333336,0.0,0.0,9,Android,San Antonio,0,0.30000000000000004
U0481,1,4.46,25.0,1.0,0.0,18,Web,Houston,0,0.2
U0482,7,25.75857142857143,36.857142857142854,0.5714285714285714,0.2857142857142857,61,iOS,Plano,0,0.1
U0483,2,21.615,18.5,1.0,0.0,33,Web,Austin,0,0.2
U0484,4,24.4975,47.25,0.0,0.75,33,iOS,Dallas,1,0.5
U0485,3,19.94,37.0,0.0,0.6666666666666666,61,iOS,San Antonio,0,0.30000000000000004
U0487,6,24.71666666666667,48.333333333333336,0.3333333333333333,0.16666666666666666,8,Web,Houston,0,0.30000000000000004
U0488,2,18.645,31.0,1.0,1.0,23,Android,San Antonio,1,0.2
U0490,1,24.23,10.0,0.0,0.0,46,iOS,Plano,0,0.4
U0491,2,26.79,37.5,0.0,0.5,16,Android,Houston,0,0.4
U0492,5,28.574,50.0,0.2,0.2,101,Android,Plano,1,0.7
U0493,4,34.04,37.0,0.25,0.25,19,iOS,Austin,0,0.1
U0494,3,21.413333333333338,36.666666666666664,0.3333333333333333,0.0,19,iOS,Houston,0,0.1
U0495,2,24.71,32.0,0.5,0.5,85,iOS,Austin,0,0.2
U0496,4,27.744999999999997,30.0,0.25,0.5,42,Android,Dallas,0,0.1
U0497,9,21.538888888888888,29.77777777777778,0.1111111111111111,0.5555555555555556,29,Web,Austin,1,0.30000000000000004
U0500,4,36.6725,31.75,0.25,0.0,36,Android,Austin,0,0.1
U0501,3,26.549999999999997,25.666666666666668,0.0,0.3333333333333333,30,Android,Houston,0,0.30000000000000004
U0502,8,31.02125,35.0,0.25,0.125,3,iOS,Plano,0,0.1
U0503,4,24.3975,29.5,0.75,0.75,9,Web,Plano,0,0.1
U0504,1,18.46,31.0,1.0,1.0,271,Android,Dallas,1,0.6
U0505,3,29.616666666666664,33.666666666666664,0.3333333333333333,0.3333333333333333,108,Android,Dallas,0,0.5
U0506,3,33.61333333333334,24.666666666666668,0.6666666666666666,0.3333333333333333,22,iOS,Houston,0,0.1
U0507,4,13.5,35.25,0.25,0.25,5,iOS,San Antonio,0,0.1
U0508,4,30.7575,29.5,0.25,0.25,138,Web,Austin,1,0.5
U0509,4,29.572499999999998,30.25,0.25,0.5,119,Android,Dallas,1,0.5
U0510,4,22.9425,43.25,0.25,0.25,20,Web,Plano,0,0.1
U0511,2,19.95,52.0,0.5,0.5,31,Android,Houston,0,0.4
U0512,4,20.700000000000003,23.25,0.5,0.25,110,Web,Austin,1,0.5
U0513,2,30.36,22.0,0.0,0.0,25,iOS,Houston,1,0.4
U0514,1,30.51,16.0,0.0,0.0,73,Android,Austin,0,0.4
U0515,1,23.5,51.0,0.0,0.0,144,Web,Austin,1,0.95
U0516,6,24.866666666666664,36.666666666666664,0.6666666666666666,0.16666666666666666,58,iOS,Dallas,0,0.1
U0517,2,32.415,11.0,1.0,0.0,24,iOS,Houston,0,0.2
U0518,5,24.384,42.6,0.4,0.2,55,Web,Houston,1,0.1
U0519,4,22.99,37.25,0.75,0.0,37,Android,Plano,0,0.1
U0520,2,28.4,32.5,0.5,0.5,84,Android,Plano,0,0.2
U0521,3,41.37,42.666666666666664,0.3333333333333333,0.6666666666666666,2,iOS,Dallas,0,0.1
U0522,2,21.545,36.5,0.5,0.0,25,Android,Dallas,0,0.2
U0523,5,25.666000000000004,41.2,0.2,0.2,1,Android,San Antonio,0,0.1
U0524,3,17.013333333333332,43.333333333333336,0.3333333333333333,0.0,41,Android,Plano,0,0.1
U0526,2,27.665,42.0,0.0,0.0,104,Web,Houston,1,0.7999999999999999
U0527,2,24.075000000000003,32.0,0.0,0.0,25,Android,Dallas,0,0.4
U0528,4,24.237499999999997,56.25,0.0,0.25,58,iOS,Houston,1,0.5
U0529,3,27.95,24.333333333333332,0.0,0.3333333333333333,31,iOS,Houston,0,0.30000000000000004
U0530,4,28.35,48.0,0.25,0.0,110,Web,San Antonio,1,0.7
U0531,5,19.97,25.8,0.2,0.4,32,Android,Plano,0,0.1
U0532,6,23.62833333333333,26.666666666666668,0.5,0.16666666666666666,5,Android,Dallas,0,0.1
U0533,1,29.65,32.0,0.0,1.0,103,Web,Houston,0,0.7999999999999999
U0534,4,18.627499999999998,32.75,0.5,0.0,47,Web,Dallas,0,0.1
U0535,1,39.0,13.0,0.0,0.0,4,iOS,Austin,1,0.4
U0536,2,17.875,43.0,0.5,0.5,60,iOS,San Antonio,0,0.2
U0537,3,17.463333333333335,32.666666666666664,0.3333333333333333,0.3333333333333333,11,Web,Austin,0,0.1
U0538,1,30.9,45.0,0.0,1.0,71,Android,Dallas,0,0.4
U0539,2,22.240000000000002,44.0,0.0,0.0,63,iOS,Dallas,1,0.4
U0541,2,25.73,26.5,0.5,1.0,218,Android,Houston,1,0.6
U0542,2,33.21,11.5,0.5,0.0,25,iOS,Houston,0,0.2
U0543,3,22.996666666666666,51.333333333333336,0.6666666666666666,0.0,9,Android,Austin,0,0.30000000000000004
U0544,4,16.46,40.0,0.25,0.5,55,Android,San Antonio,0,0.1
U0545,7,23.53,27.428571428571427,0.2857142857142857,0.2857142857142857,87,Android,Houston,0,0.1
U0546,2,23.645,30.5,0.5,0.0,186,Web,Plano,0,0.6
U0547,3,22.7,36.333333333333336,0.6666666666666666,0.3333333333333333,202,Web,Austin,1,0.5
U0548,5,19.118000000000002,42.4,0.4,0.2,51,Web,Austin,0,0.1
U0549,4,15.8675,33.0,0.25,0.0,16,Android,Plano,0,0.1
U0550,6,25.026666666666667,31.166666666666668,0.3333333333333333,0.0,25,Android,San Antonio,0,0.1
U0551,7,21.868571428571425,35.142857142857146,0.5714285714285714,0.14285714285714285,90,Web,Plano,0,0.1
U0552,1,28.07,10.0,0.0,0.0,105,iOS,San Antonio,1,0.7999999999999999
U0553,1,34.94,35.0,0.0,0.0,81,Android,Plano,0,0.4
U0554,4,18.08,30.5,0.0,0.0,225,iOS,Plano,0,0.7
U0555,1,16.68,18.0,1.0,0.0,94,iOS,Dallas,0,0.6
U0556,4,28.9075,32.5,0.25,0.25,14,Android,Austin,0,0.1
U0557,1,17.98,19.0,0.0,0.0,26,Android,Plano,1,0.4
U0558,1,35.55,27.0,0.0,1.0,28,iOS,Plano,0,0.4
U0559,1,29.31,55.0,0.0,0.0,104,iOS,Houston,1,0.95
U0560,3,16.076666666666664,37.333333333333336,0.0,0.0,60,Web,Austin,1,0.30000000000000004
U0561,6,27.67833333333333,31.666666666666668,0.3333333333333333,0.16666666666666666,39,Web,Houston,0,0.1
U0562,5,24.026,27.6,0.4,0.2,2,Android,Austin,0,0.1
U0563,2,26.665,47.5,1.0,0.5,18,Web,Houston,0,0.4
U0564,2,31.424999999999997,21.5,0.5,0.5,11,Web,Plano,1,0.2
U0565,1,8.45,42.0,0.0,0.0,173,Web,Plano,1,0.7999999999999999
U0566,4,28.695,36.0,0.5,0.0,34,Web,Dallas,0,0.1
U0567,4,15.4925,42.75,0.25,0.5,72,iOS,Houston,0,0.1
U0568,3,19.043333333333333,34.0,0.3333333333333333,0.6666666666666666,15,Android,San Antonio,0,0.1
U0569,3,18.51,51.0,0.3333333333333333,0.3333333333333333,124,Web,Dallas,1,0.7
U0570,6,16.028333333333332,34.666666666666664,0.3333333333333333,0.16666666666666666,38,iOS,Houston,1,0.1
U0571,5,23.95,34.8,0.8,0.4,32,iOS,Houston,0,0.1
U0573,3,27.81,30.666666666666668,0.0,0.3333333333333333,18,Web,Plano,0,0.30000000000000004
U0574,4,24.965,34.75,0.5,0.75,19,Web,Houston,0,0.1
U0575,1,18.02,44.0,1.0,0.0,261,Android,Plano,1,0.6
U0577,3,26.810000000000002,43.0,1.0,0.3333333333333333,50,Web,Plano,0,0.1
U0578,4,31.1,32.75,0.5,0.5,33,iOS,Austin,0,0.1
U0579,4,21.9025,45.25,0.25,0.25,51,Android,San Antonio,1,0.30000000000000004
U0580,7,25.891428571428573,43.142857142857146,0.42857142857142855,0.2857142857142857,43,Web,Houston,0,0.1
U0582,1,30.1,46.0,0.0,0.0,228,iOS,Plano,1,0.95
U0583,6,20.848333333333333,41.5,0.16666666666666666,0.16666666666666666,57,iOS,Houston,0,0.30000000000000004
U0584,7,23.587142857142855,34.285714285714285,0.5714285714285714,0.2857142857142857,51,Web,Plano,0,0.1
U0585,3,19.026666666666667,24.666666666666668,0.0,0.6666666666666666,182,Android,Austin,0,0.7
U0586,5,22.116,37.8,0.4,0.0,60,Android,Dallas,0,0.1
U0587,2,23.83,20.5,0.5,0.0,36,iOS,Houston,1,0.2
U0588,4,12.1075,12.75,0.0,0.25,101,iOS,Austin,0,0.7
U0589,7,33.392857142857146,37.285714285714285,0.14285714285714285,0.5714285714285714,20,Web,Austin,1,0.30000000000000004
U0590,3,26.396666666666665,41.666666666666664,0.0,0.3333333333333333,90,iOS,Houston,0,0.30000000000000004
U0591,2,31.560000000000002,18.0,0.0,0.0,102,Web,Plano,0,0.7999999999999999
U0592,4,14.855,32.25,0.0,0.75,200,Android,Austin,0,0.7
U0593,3,19.973333333333333,28.666666666666668,0.3333333333333333,0.6666666666666666,171,Android,San Antonio,0,0.5
U0594,2,19.6,36.0,0.0,0.5,152,Web,Austin,1,0.7999999999999999
U0595,3,22.313333333333333,28.666666666666668,0.3333333333333333,0.0,14,iOS,Plano,0,0.1
U0596,3,28.326666666666668,33.333333333333336,0.0,0.3333333333333333,42,Android,Plano,0,0.30000000000000004
U0597,1,45.52,54.0,0.0,0.0,60,iOS,San Antonio,1,0.6
U0598,9,27.587777777777777,36.666666666666664,0.5555555555555556,0.2222222222222222,15,Android,Austin,0,0.1
U0599,2,25.295,28.0,0.5,0.0,105,Web,Plano,1,0.6
U0600,1,30.21,14.0,1.0,0.0,263,Web,Houston,0,0.6
U0601,11,21.512727272727272,36.36363636363637,0.18181818181818182,0.2727272727272727,10,Web,Dallas,0,0.30000000000000004
U0602,3,29.826666666666668,37.666666666666664,0.3333333333333333,0.6666666666666666,160,Android,Dallas,0,0.5
U0603,1,22.06,17.0,0.0,0.0,113,iOS,Dallas,1,0.7999999999999999
U0604,3,19.733333333333334,24.333333333333332,0.3333333333333333,0.3333333333333333,30,iOS,Austin,0,0.1
U0605,8,26.8675,37.875,0.375,0.0,83,iOS,San Antonio,0,0.1
U0606,5,23.504,35.2,0.6,0.4,29,Android,Plano,0,0.1
U0607,5,26.206,32.8,0.4,0.0,35,Android,Houston,0,0.1
U0608,2,16.875,34.5,0.5,0.5,16,Android,Houston,0,0.2
U0609,3,33.52333333333333,46.666666666666664,0.3333333333333333,0.0,28,Android,Austin,0,0.30000000000000004
U0610,4,25.6825,34.25,0.0,0.5,40,Android,Dallas,0,0.30000000000000004
U0611,3,30.316666666666666,40.666666666666664,0.3333333333333333,0.3333333333333333,31,iOS,Austin,1,0.1
U0612,5,29.462,43.8,0.4,0.2,31,Android,San Antonio,0,0.1
U0613,7,26.89428571428571,33.714285714285715,0.2857142857142857,0.14285714285714285,105,Android,San Antonio,1,0.5
U0614,4,23.9025,30.0,0.5,0.25,106,iOS,Plano,0,0.5
U0615,5,30.816000000000003,44.4,0.4,0.6,86,Android,Plano,0,0.1
U0616,1,22.71,41.0,0.0,0.0,66,iOS,San Antonio,0,0.4
U0617,1,18.87,29.0,0.0,1.0,304,iOS,San Antonio,1,0.7999999999999999
U0618,1,23.96,20.0,1.0,0.0,25,Web,San Antonio,0,0.2
U0619,2,23.585,37.5,0.0,0.0,43,Web,Austin,1,0.4
U0620,1,13.98,48.0,0.0,1.0,51,Web,San Antonio,1,0.6
U0621,2,18.75,42.5,0.5,0.0,237,Web,Houston,1,0.6
U0623,3,21.680000000000003,39.0,0.3333333333333333,0.6666666666666666,43,Web,San Antonio,1,0.1
U0625,2,23.15,30.0,0.0,0.0,3,Android,Austin,0,0.4
U0626,1,13.21,40.0,0.0,0.0,90,Web,Dallas,1,0.4
U0627,4,26.8175,34.5,0.75,0.0,37,iOS,Austin,0,0.1
U0628,2,30.715000000000003,36.5,0.0,0.0,76,Android,Houston,0,0.4
U0629,1,25.71,47.0,1.0,0.0,107,Android,Austin,1,0.7999999999999999
U0630,1,44.5,47.0,0.0,0.0,74,Web,Austin,0,0.6
U0631,8,23.93,31.625,0.25,0.25,39,Android,Plano,0,0.1
U0632,5,27.353999999999996,36.0,0.0,0.2,32,iOS,San Antonio,0,0.30000000000000004
U0633,3,32.656666666666666,29.0,0.3333333333333333,0.0,111,Android,San Antonio,1,0.5
U0634,3,27.633333333333336,41.0,0.3333333333333333,0.3333333333333333,27,iOS,Houston,0,0.1
U0635,1,25.17,10.0,0.0,0.0,48,Android,Houston,1,0.4
U0636,4,21.0575,27.25,0.25,0.25,158,Web,San Antonio,0,0.5
U0637,6,27.89833333333333,50.166666666666664,0.16666666666666666,0.16666666666666666,25,iOS,Plano,1,0.5
U0638,5,30.292,42.0,0.2,0.4,11,Android,San Antonio,0,0.1
U0639,1,35.27,30.0,0.0,0.0,31,Android,Plano,0,0.4
U0640,6,24.691666666666666,30.666666666666668,0.5,0.5,13,Android,Houston,0,0.1
U0641,2,26.995,37.0,0.5,0.0,85,iOS,Dallas,1,0.2
U0642,3,27.13,33.333333333333336,0.3333333333333333,0.3333333333333333,21,iOS,Houston,0,0.1
U0643,1,23.33,33.0,0.0,0.0,294,iOS,Houston,1,0.7999999999999999
U0644,10,25.855,31.4,0.3,0.3,22,Web,Austin,0,0.1
U0645,4,26.2475,42.0,0.25,0.0,15,Web,Austin,0,0.1
U0647,2,25.310000000000002,31.0,0.5,1.0,29,Android,Austin,0,0.2
U0648,5,18.652,43.6,0.2,0.2,41,Web,Plano,0,0.1
U0650,2,17.314999999999998,23.5,0.5,0.5,140,Android,Dallas,1,0.6
U0651,1,41.99,28.0,1.0,1.0,215,Web,Houston,0,0.6
U0652,2,11.594999999999999,38.5,0.5,1.0,87,Android,Plano,0,0.2
U0653,5,17.076,29.8,0.4,0.0,34,Android,Dallas,0,0.1
U0654,5,13.828,37.2,0.6,0.0,166,Android,Plano,1,0.5
U0655,3,31.66333333333333,44.666666666666664,0.6666666666666666,0.3333333333333333,25,Android,Plano,1,0.1
U0656,6,27.334999999999997,43.333333333333336,0.5,0.16666666666666666,107,Web,Houston,0,0.5
U0657,2,25.955,32.0,0.0,0.0,113,Web,San Antonio,1,0.7999999999999999
U0658,6,32.26,34.166666666666664,0.6666666666666666,0.3333333333333333,28,Web,Austin,0,0.1
U0659,1,15.4,23.0,1.0,0.0,161,iOS,San Antonio,0,0.6
U0660,1,41.86,53.0,1.0,1.0,118,Web,Houston,1,0.7999999999999999
U0662,4,21.7925,43.75,0.25,0.0,7,Web,Houston,1,0.1
U0663,3,29.393333333333334,30.0,0.6666666666666666,0.3333333333333333,20,Android,Dallas,0,0.1
U0665,4,32.65,29.75,0.25,1.0,72,Android,San Antonio,0,0.1
U0666,4,11.77,34.75,0.25,0.25,49,Android,Plano,0,0.1
U0667,2,18.485,47.0,0.0,1.0,140,Android,Plano,1,0.95
U0668,5,24.916000000000004,32.4,0.4,0.2,53,iOS,Plano,0,0.1
U0669,1,10.2,18.0,1.0,0.0,203,Web,Houston,1,0.6
U0670,7,24.49857142857143,32.714285714285715,0.42857142857142855,0.2857142857142857,46,Web,San Antonio,0,0.1
U0671,5,28.894,37.0,0.0,0.8,48,iOS,Houston,0,0.30000000000000004
U0672,3,29.316666666666666,36.0,0.6666666666666666,0.6666666666666666,87,Android,Dallas,0,0.1
U0673,5,27.119999999999997,29.0,0.2,0.2,1,Web,Plano,1,0.1
U0675,3,25.8,35.0,0.3333333333333333,0.0,131,Web,Houston,1,0.5
U0676,1,25.8,34.0,0.0,0.0,17,iOS,Dallas,0,0.4
U0677,5,19.792,21.6,0.4,0.2,131,Android,Austin,0,0.5
U0678,4,19.9675,26.0,0.5,0.5,16,Web,San Antonio,0,0.1
U0679,2,28.42,26.0,0.5,0.0,7,iOS,Austin,0,0.2
U0680,2,23.494999999999997,42.0,0.0,0.5,214,Web,Plano,0,0.7999999999999999
U0681,3,24.006666666666664,23.0,0.3333333333333333,0.0,59,Web,Houston,0,0.1
U0682,2,27.72,28.0,0.5,0.5,74,Web,Dallas,1,0.2
U0683,4,23.76,36.75,0.0,0.5,47,Web,Dallas,1,0.30000000000000004
U0684,2,27.4,37.0,1.0,0.0,42,iOS,San Antonio,0,0.2
U0685,1,31.99,12.0,0.0,0.0,21,Android,Austin,1,0.4
U0686,1,36.74,19.0,1.0,0.0,211,iOS,San Antonio,1,0.6
U0687,3,27.643333333333334,26.333333333333332,0.6666666666666666,0.6666666666666666,177,iOS,Houston,1,0.5
U0688,6,19.39,37.5,0.16666666666666666,0.0,27,iOS,San Antonio,0,0.30000000000000004
U0689,1,34.39,34.0,1.0,0.0,42,Android,Dallas,0,0.2
U0690,2,21.07,41.5,0.0,0.0,42,Web,Dallas,0,0.4
U0691,6,27.171666666666667,42.166666666666664,0.3333333333333333,0.3333333333333333,4,Web,Plano,0,0.1
U0692,3,25.026666666666667,31.333333333333332,0.0,0.0,38,Web,Plano,0,0.30000000000000004
U0693,3,34.71666666666667,48.0,0.3333333333333333,0.3333333333333333,154,Android,Houston,0,0.7
U0694,1,30.8,37.0,1.0,0.0,62,Web,Austin,0,0.2
U0695,4,28.9725,45.0,0.5,0.0,29,Android,San Antonio,0,0.1
U0696,5,14.807999999999998,38.8,0.4,0.0,21,Web,Houston,0,0.1
U0697,3,26.02,36.333333333333336,0.3333333333333333,0.0,49,Web,Plano,0,0.1
U0698,3,26.463333333333335,29.0,0.6666666666666666,0.6666666666666666,12,iOS,San Antonio,0,0.1
U0699,8,15.34875,30.375,0.5,0.125,5,Android,Plano,0,0.1
U0700,4,28.615,39.25,0.25,0.0,24,iOS,San Antonio,1,0.1
U0701,2,25.6,29.5,0.0,0.5,112,iOS,Austin,1,0.7999999999999999
U0702,3,23.17,25.0,0.3333333333333333,0.0,40,iOS,Houston,0,0.1
U0703,5,18.491999999999997,43.6,0.2,0.4,51,Android,San Antonio,0,0.1
U0704,1,22.76,57.0,0.0,0.0,83,Android,Dallas,1,0.6
U0705,2,29.689999999999998,39.0,0.0,0.0,71,Web,Dallas,0,0.4
U0706,2,31.799999999999997,23.5,1.0,0.5,29,iOS,San Antonio,1,0.2
U0707,5,23.16,30.0,0.8,0.8,11,Web,San Antonio,0,0.1
U0708,3,35.44,39.333333333333336,0.3333333333333333,0.3333333333333333,95,iOS,San Antonio,0,0.5
U0709,3,27.263333333333335,37.333333333333336,0.6666666666666666,0.0,1,Android,Dallas,1,0.1
U0710,5,26.634000000000004,34.8,0.2,0.4,7,Android,Dallas,0,0.1
U0711,2,23.47,37.0,1.0,0.0,29,Android,San Antonio,0,0.2
U0712,4,26.305,39.0,0.25,0.25,82,iOS,Plano,1,0.1
U0713,3,31.906666666666666,28.666666666666668,0.3333333333333333,0.3333333333333333,21,Android,Plano,0,0.1
U0714,9,19.36888888888889,27.22222222222222,0.5555555555555556,0.0,19,iOS,Austin,0,0.1
U0716,3,31.146666666666665,35.333333333333336,0.3333333333333333,0.3333333333333333,56,iOS,Plano,0,0.1
U0717,2,9.645,19.5,0.0,0.0,131,Web,Dallas,1,0.7999999999999999
U0718,1,18.18,48.0,1.0,0.0,168,iOS,Plano,1,0.7999999999999999
U0719,1,27.49,44.0,1.0,0.0,0,Web,Austin,0,0.2
U0720,6,25.951666666666668,27.0,0.3333333333333333,0.16666666666666666,24,Android,Austin,1,0.1
U0721,2,21.244999999999997,28.5,1.0,0.0,228,Web,Houston,1,0.6
U0722,2,30.005,45.5,0.5,0.5,44,Android,Plano,1,0.4
U0723,8,25.32375,37.375,0.625,0.0,21,Android,Dallas,0,0.1
U0724,2,33.585,37.5,0.0,0.5,171,Web,Dallas,1,0.7999999999999999
U0725,3,23.53,37.666666666666664,0.6666666666666666,0.0,85,iOS,San Antonio,0,0.1
U0726,2,29.115000000000002,33.5,0.5,0.5,47,iOS,Dallas,0,0.2
U0727,3,28.126666666666665,37.666666666666664,0.3333333333333333,0.3333333333333333,95,iOS,Houston,0,0.5
U0729,2,28.445,16.0,0.5,0.0,58,iOS,Dallas,0,0.2
U0730,1,12.48,39.0,0.0,0.0,16,Android,Dallas,1,0.4
U0731,7,26.247142857142858,32.285714285714285,0.5714285714285714,0.14285714285714285,67,iOS,San Antonio,1,0.1
U0732,6,31.238333333333333,34.666666666666664,0.5,0.0,8,Android,Dallas,0,0.1
U0733,1,29.07,28.0,1.0,0.0,97,Android,San Antonio,1,0.6
U0735,2,34.045,39.0,0.5,0.0,11,Web,Dallas,1,0.2
U0736,2,24.505,28.0,0.5,0.0,107,Web,Austin,1,0.6
U0737,1,20.22,20.0,0.0,1.0,148,Android,Austin,1,0.7999999999999999
U0738,6,22.888333333333332,33.333333333333336,0.16666666666666666,0.3333333333333333,5,Web,San Antonio,1,0.30000000000000004
U0739,7,23.93,37.857142857142854,0.5714285714285714,0.0,45,iOS,Dallas,0,0.1
U0740,1,25.64,21.0,0.0,0.0,58,iOS,Austin,0,0.4
U0741,4,25.465,34.0,0.0,0.25,69,Android,Dallas,1,0.30000000000000004
U0742,2,17.195,38.5,0.5,0.5,6,iOS,Dallas,0,0.2
U0743,1,31.44,29.0,0.0,0.0,89,Android,Dallas,1,0.4
U0744,5,28.502,29.0,0.6,0.2,62,Android,Plano,0,0.1
U0746,3,35.910000000000004,50.333333333333336,0.3333333333333333,0.6666666666666666,26,Web,Plano,1,0.30000000000000004
U0747,7,27.32,36.57142857142857,0.14285714285714285,0.2857142857142857,76,iOS,San Antonio,0,0.30000000000000004
U0748,7,22.297142857142855,43.0,0.2857142857142857,0.14285714285714285,11,iOS,Austin,0,0.1
U0749,1,32.54,10.0,0.0,0.0,185,Android,Austin,1,0.7999999999999999
U0750,3,22.83,46.666666666666664,0.0,0.0,14,Android,Austin,0,0.5
U0751,4,21.265,28.25,0.75,0.25,166,Android,Austin,0,0.5
U0752,6,20.146666666666665,32.333333333333336,0.3333333333333333,0.16666666666666666,34,Android,Austin,0,0.1
U0753,5,27.658000000000005,45.2,0.0,0.4,168,Web,Austin,1,0.8999999999999999
U0754,6,30.598333333333333,30.166666666666668,0.3333333333333333,0.3333333333333333,2,Web,Austin,0,0.1
U0755,7,30.177142857142858,28.857142857142858,0.2857142857142857,0.42857142857142855,17,Web,San Antonio,0,0.1
U0756,4,30.6725,29.5,0.25,0.0,143,Android,Dallas,1,0.5
U0757,1,31.65,32.0,0.0,0.0,120,Android,Houston,1,0.7999999999999999
U0758,3,27.066666666666666,32.333333333333336,0.3333333333333333,0.6666666666666666,51,Android,Plano,0,0.1
U0759,5,28.762,32.0,0.6,0.4,11,Web,Houston,0,0.1
U0760,2,19.41,30.5,0.5,0.0,48,Android,Houston,1,0.2
U0761,8,29.73,21.875,0.625,0.25,6,iOS,Dallas,0,0.1
U0762,1,20.36,21.0,1.0,1.0,30,iOS,Dallas,0,0.2
U0763,7,20.38714285714286,35.714285714285715,0.14285714285714285,0.2857142857142857,56,Android,Dallas,0,0.30000000000000004
U0764,2,26.57,49.5,0.5,0.0,144,iOS,Austin,1,0.7999999999999999
U0765,3,24.903333333333332,16.0,0.3333333333333333,0.0,15,iOS,San Antonio,0,0.1
U0766,5,27.594,44.4,0.4,0.6,104,Web,Austin,0,0.5
U0767,3,30.71666666666667,45.666666666666664,0.0,0.0,1,Android,San Antonio,1,0.5
U0768,5,21.506,34.6,0.4,0.4,12,Android,San Antonio,0,0.1
U0769,4,25.72,28.5,0.5,0.0,87,Web,Houston,0,0.1
U0770,1,-0.82,60.0,1.0,0.0,3,iOS,Houston,1,0.4
U0771,1,24.79,47.0,1.0,1.0,30,iOS,San Antonio,0,0.4
U0772,2,12.53,31.0,0.5,0.0,60,Android,San Antonio,0,0.2
U0773,2,29.615000000000002,38.5,0.5,0.0,30,iOS,Austin,0,0.2
U0774,3,24.88,34.333333333333336,0.3333333333333333,0.0,35,Web,Austin,0,0.1
U0775,6,19.145,40.666666666666664,0.6666666666666666,0.3333333333333333,36,Web,Houston,0,0.1
U0776,1,16.97,58.0,0.0,0.0,185,Android,Dallas,1,0.95
U0777,1,35.47,34.0,0.0,0.0,77,Web,San Antonio,0,0.4
U0778,3,39.29,39.333333333333336,1.0,0.0,105,Web,Austin,1,0.5
U0779,2,27.689999999999998,49.0,0.5,0.5,58,Android,Houston,0,0.4
U0780,2,28.549999999999997,40.5,0.0,0.5,10,Web,Austin,1,0.4
U0781,2,23.259999999999998,29.5,0.5,0.5,73,Web,San Antonio,0,0.2
U0782,4,20.9525,24.25,0.25,0.25,16,Web,San Antonio,0,0.1
U0784,2,19.634999999999998,30.0,0.5,0.0,45,Android,Dallas,0,0.2
U0785,5,27.49,37.2,0.4,0.0,128,Android,Plano,1,0.5
U0786,4,23.43,29.25,0.25,0.5,124,Android,Houston,1,0.5
U0787,2,37.84,36.5,0.5,0.0,89,iOS,Austin,0,0.2
U0788,2,33.93,33.0,0.0,0.0,130,iOS,Houston,1,0.7999999999999999
U0789,6,24.131666666666664,37.833333333333336,0.3333333333333333,0.3333333333333333,1,Android,San Antonio,0,0.1
U0790,3,30.456666666666667,18.666666666666668,0.6666666666666666,1.0,29,iOS,Plano,0,0.1
U0791,1,40.94,49.0,1.0,0.0,86,Android,Plano,1,0.4
U0792,4,25.41,32.0,0.5,0.0,86,iOS,Plano,0,0.1
U0793,1,17.6,22.0,0.0,0.0,1,Web,Houston,0,0.4
U0795,2,16.73,47.0,0.5,0.5,2,Android,Austin,1,0.4
U0796,1,17.52,49.0,0.0,1.0,78,iOS,Austin,0,0.6
U0798,2,28.925,37.0,0.0,0.0,155,Web,Plano,1,0.7999999999999999
U0799,2,25.189999999999998,24.0,0.5,0.0,6,Web,Dallas,0,0.2
U0801,3,20.753333333333334,38.333333333333336,0.0,0.0,151,iOS,Houston,0,0.7
U0802,6,26.773333333333337,39.166666666666664,0.0,0.16666666666666666,31,iOS,San Antonio,0,0.30000000000000004
U0803,3,31.253333333333334,31.666666666666668,0.0,0.6666666666666666,203,iOS,Austin,1,0.7
U0804,7,27.28142857142857,24.428571428571427,0.42857142857142855,0.42857142857142855,1,iOS,Houston,0,0.1
U0805,4,24.3025,38.75,0.5,0.0,32,iOS,Houston,0,0.1
U0806,2,22.61,40.0,0.5,0.0,97,Android,Plano,1,0.6
U0807,2,20.165,42.5,0.5,0.0,23,iOS,Plano,0,0.2
U0808,5,32.11,39.4,0.2,0.2,14,Web,Dallas,1,0.1
U0809,2,21.585,43.5,0.0,1.0,14,Android,San Antonio,0,0.4
U0810,3,29.086666666666662,23.666666666666668,0.6666666666666666,0.6666666666666666,13,iOS,Dallas,0,0.1
U0811,2,33.595,33.0,0.5,0.0,86,Web,Plano,0,0.2
U0813,2,14.545,41.5,0.0,0.0,62,Web,Plano,0,0.4
U0814,8,31.286250000000003,35.875,0.75,0.125,0,iOS,San Antonio,0,0.1
U0815,1,9.1,13.0,0.0,0.0,123,iOS,Plano,1,0.7999999999999999
U0816,4,27.8275,43.0,0.25,0.5,30,iOS,San Antonio,1,0.1
U0817,2,32.5,45.5,0.5,0.5,0,iOS,San Antonio,1,0.4
U0818,8,30.3275,32.75,0.25,0.375,33,Android,San Antonio,0,0.1
U0819,3,17.793333333333333,25.333333333333332,0.3333333333333333,0.0,4,Android,San Antonio,0,0.1
U0820,5,21.374000000000002,36.4,0.4,0.6,49,Web,San Antonio,0,0.1
U0821,1,30.37,45.0,0.0,0.0,107,iOS,Austin,1,0.7999999999999999
U0822,2,30.955000000000002,39.5,0.5,0.5,127,Web,Dallas,1,0.6
U0823,3,27.863333333333333,47.666666666666664,1.0,0.3333333333333333,34,Android,Houston,1,0.30000000000000004
U0824,5,24.041999999999998,32.8,0.4,0.4,2,iOS,Dallas,0,0.1
U0826,1,21.29,24.0,0.0,0.0,53,Android,Austin,1,0.4
U0827,6,23.790000000000003,50.333333333333336,0.3333333333333333,0.0,106,Android,Plano,1,0.7
U0828,8,23.4225,39.625,0.375,0.125,33,Android,Austin,0,0.1
U0830,6,22.526666666666667,37.833333333333336,0.3333333333333333,0.3333333333333333,46,Android,Austin,0,0.1
U0831,1,52.63,20.0,1.0,0.0,139,iOS,Austin,0,0.6
U0832,4,23.115,31.75,0.0,0.25,0,Android,San Antonio,0,0.30000000000000004
U0834,2,24.16,46.5,0.0,0.5,165,iOS,Houston,1,0.95
U0835,4,28.81,26.75,0.5,0.25,61,Android,Houston,0,0.1
U0836,4,29.6525,41.0,0.5,0.5,45,Android,Austin,0,0.1
U0837,3,20.80333333333333,26.333333333333332,0.0,0.3333333333333333,16,iOS,Plano,0,0.30000000000000004
U0838,6,26.353333333333335,33.833333333333336,0.3333333333333333,0.5,7,Android,San Antonio,0,0.1
U0839,5,20.54,29.0,0.2,0.0,4,Android,Houston,0,0.1
U0840,5,26.962,40.6,0.2,0.2,137,Android,Plano,1,0.5
U0842,6,28.421666666666667,35.333333333333336,0.5,0.3333333333333333,24,iOS,Plano,0,0.1
U0843,5,26.134000000000004,27.8,0.4,0.2,109,Web,Dallas,1,0.5
U0844,3,28.086666666666662,37.666666666666664,0.0,0.3333333333333333,66,Android,Houston,0,0.30000000000000004
U0845,1,15.23,10.0,1.0,1.0,123,Web,Austin,1,0.6
U0846,5,20.244,30.4,0.4,0.8,4,Android,San Antonio,1,0.1
U0848,2,24.87,47.0,0.5,0.5,35,Android,San Antonio,0,0.4
U0849,2,30.634999999999998,14.5,0.0,0.5,70,Web,Austin,0,0.4
U0850,2,35.06,44.0,0.0,0.0,62,Web,Plano,1,0.4
U0851,2,18.365000000000002,18.5,0.0,0.5,71,Web,Plano,0,0.4
U0852,3,29.496666666666666,36.0,0.3333333333333333,0.3333333333333333,55,iOS,Plano,0,0.1
U0853,6,33.17666666666667,45.666666666666664,0.6666666666666666,0.16666666666666666,54,Web,Dallas,0,0.30000000000000004
U0854,4,35.035,35.75,0.25,0.25,6,iOS,San Antonio,0,0.1
U0855,4,21.335,42.25,0.5,0.25,28,Android,Plano,0,0.1
U0856,6,17.495,26.166666666666668,0.8333333333333334,0.0,7,Web,Dallas,0,0.1
U0857,2,38.67,35.0,0.5,0.0,63,Android,San Antonio,0,0.2
U0858,3,23.319999999999997,21.0,0.3333333333333333,0.0,71,Android,Austin,0,0.1
U0860,2,23.965,25.0,0.0,0.0,34,iOS,Houston,0,0.4
U0861,6,23.785,38.333333333333336,0.0,0.16666666666666666,4,Web,Dallas,0,0.30000000000000004
U0862,6,23.42,29.333333333333332,0.5,0.16666666666666666,139,Android,Dallas,1,0.5
U0863,2,22.564999999999998,30.5,0.5,0.0,62,Android,San Antonio,0,0.2
U0864,4,19.5325,25.0,0.5,0.0,60,Web,Austin,0,0.1
U0865,3,28.689999999999998,33.333333333333336,0.3333333333333333,0.0,334,iOS,Houston,1,0.5
U0867,2,32.315,24.0,0.5,1.0,136,Android,Plano,1,0.6
U0869,7,28.117142857142856,32.857142857142854,0.2857142857142857,0.0,49,iOS,San Antonio,0,0.1
U0870,6,15.981666666666667,38.666666666666664,0.3333333333333333,0.3333333333333333,99,Web,San Antonio,1,0.5
U0871,1,19.66,16.0,0.0,1.0,31,Android,Plano,1,0.4
U0872,6,24.105,30.666666666666668,0.3333333333333333,0.3333333333333333,255,iOS,Houston,0,0.5
U0873,1,45.6,37.0,0.0,0.0,147,Android,Austin,1,0.7999999999999999
U0874,1,25.32,46.0,0.0,1.0,173,Web,Houston,1,0.95
U0875,8,22.91,32.5,0.25,0.375,27,iOS,Austin,0,0.1
U0876,7,30.10571428571429,30.428571428571427,0.42857142857142855,0.14285714285714285,43,Android,Plano,0,0.1
U0878,2,38.47,45.5,0.5,0.0,32,Android,San Antonio,1,0.4
U0879,4,23.3625,24.25,0.5,0.5,55,Web,Dallas,0,0.1
U0880,2,22.64,37.5,0.5,0.0,21,Web,Dallas,1,0.2
U0882,2,11.945,23.0,0.0,0.5,209,Web,San Antonio,1,0.7999999999999999
U0883,5,34.266,27.0,0.2,0.0,35,Android,Houston,0,0.1
U0884,2,30.775,36.5,0.5,0.0,52,Web,San Antonio,0,0.2
U0885,5,27.43,39.6,0.4,0.2,51,Web,Dallas,0,0.1
U0886,7,24.994285714285713,40.57142857142857,0.42857142857142855,0.0,139,iOS,Dallas,1,0.5
U0887,8,27.528750000000002,33.5,0.5,0.125,1,Web,San Antonio,0,0.1
U0890,2,20.325,43.5,0.0,0.5,54,iOS,Houston,1,0.4
U0891,6,23.651666666666667,37.666666666666664,0.6666666666666666,0.3333333333333333,54,iOS,Plano,0,0.1
U0892,1,7.56,45.0,1.0,1.0,10,iOS,Plano,0,0.2
U0893,1,7.61,56.0,1.0,0.0,112,Web,San Antonio,1,0.7999999999999999
U0894,3,25.540000000000003,40.666666666666664,0.0,0.3333333333333333,53,iOS,Plano,0,0.30000000000000004
U0895,5,26.106,28.2,0.2,0.0,95,Web,Dallas,0,0.5
U0896,4,29.845,44.25,0.0,0.25,23,Web,Dallas,1,0.30000000000000004
U0897,1,26.73,53.0,0.0,1.0,157,Android,San Antonio,1,0.95
U0899,1,22.9,29.0,0.0,0.0,150,Android,San Antonio,1,0.7999999999999999
U0900,3,24.886666666666667,14.333333333333334,0.0,0.3333333333333333,105,Android,Houston,1,0.7
U0901,3,23.383333333333336,29.666666666666668,0.0,0.0,52,Android,Plano,1,0.30000000000000004
U0902,2,23.895,52.5,1.0,0.5,48,Web,San Antonio,0,0.4
U0903,2,17.455000000000002,52.0,0.0,0.0,5,Web,Austin,0,0.6
U0904,1,36.7,10.0,0.0,0.0,124,iOS,Austin,0,0.7999999999999999
U0906,2,22.625,28.0,0.5,0.0,363,Web,Plano,0,0.6
U0908,6,28.47666666666667,29.833333333333332,0.8333333333333334,0.16666666666666666,75,Web,Austin,1,0.1
U0910,4,30.6875,35.5,0.5,0.25,38,iOS,Dallas,0,0.1
U0911,4,22.29,28.25,0.5,0.25,4,iOS,Houston,0,0.1
U0912,6,29.951666666666668,28.166666666666668,0.6666666666666666,0.16666666666666666,17,Web,Plano,0,0.1
U0913,2,14.46,54.5,0.0,0.0,15,iOS,Plano,1,0.6
U0914,4,27.0075,40.5,0.25,0.5,7,Web,Houston,0,0.1
U0915,2,28.32,49.0,0.0,0.0,141,iOS,Plano,1,0.95
U0916,4,23.28,48.25,0.5,0.5,288,Android,Dallas,0,0.7
U0917,3,13.606666666666667,37.333333333333336,0.0,0.0,10,Android,Dallas,1,0.30000000000000004
U0918,6,27.741666666666664,42.333333333333336,0.3333333333333333,0.5,5,Android,Houston,1,0.1
U0919,2,25.31,39.5,0.0,0.0,36,Android,San Antonio,1,0.4
U0920,4,25.9775,34.0,0.5,0.5,0,Web,Austin,0,0.1
U0921,4,24.47,40.75,0.25,0.0,33,iOS,San Antonio,1,0.1
U0922,5,17.854,26.2,0.4,0.0,51,Web,Plano,0,0.1
U0923,2,14.8,31.5,0.5,0.5,83,Android,Austin,0,0.2
U0924,4,22.63,26.25,0.0,0.5,22,Web,Houston,0,0.30000000000000004
U0925,4,27.615000000000002,37.0,0.75,0.5,14,iOS,Houston,0,0.1
U0926,5,25.066,37.2,0.0,0.0,176,Web,Austin,1,0.7
U0927,6,23.905,36.166666666666664,0.5,0.5,42,iOS,Dallas,0,0.1
U0928,6,19.706666666666667,30.5,0.5,0.3333333333333333,6,Web,Austin,0,0.1
U0929,5,15.193999999999999,46.8,0.4,0.2,67,iOS,Plano,1,0.30000000000000004
U0930,2,49.415,57.0,0.5,1.0,48,iOS,Dallas,0,0.4
U0931,7,27.759999999999998,40.0,0.42857142857142855,0.2857142857142857,29,Android,Houston,0,0.1
U0932,2,22.205,54.5,0.5,0.5,307,iOS,Austin,0,0.7999999999999999
U0933,4,27.1975,33.0,0.5,0.5,11,Android,San Antonio,0,0.1
U0934,6,30.856666666666666,34.333333333333336,0.6666666666666666,0.16666666666666666,114,Android,San Antonio,0,0.5
U0935,4,26.049999999999997,31.75,0.5,0.25,38,Android,Plano,0,0.1
U0936,1,25.8,55.0,0.0,1.0,137,Web,San Antonio,1,0.95
U0938,2,31.3,28.5,0.5,0.0,2,Web,Austin,0,0.2
U0939,2,20.169999999999998,39.5,0.5,0.5,7,Web,San Antonio,1,0.2
U0940,2,20.68,17.5,0.5,0.5,14,iOS,Austin,1,0.2
U0941,3,33.56333333333333,23.333333333333332,0.6666666666666666,0.0,17,iOS,Plano,0,0.1
U0943,4,31.910000000000004,31.0,0.5,0.0,13,iOS,Plano,0,0.1
U0945,2,22.445,43.5,0.0,0.0,5,Android,Austin,0,0.4
U0946,4,25.372500000000002,44.25,0.25,0.0,87,Android,Dallas,0,0.1
U0947,2,31.7,38.0,0.5,1.0,27,Android,Austin,0,0.2
U0948,6,24.911666666666665,40.666666666666664,0.3333333333333333,0.0,19,Android,Houston,0,0.1
U0949,1,13.26,16.0,1.0,0.0,0,iOS,Austin,0,0.2
U0951,1,35.57,39.0,0.0,1.0,11,iOS,Austin,0,0.4
U0952,1,31.17,50.0,1.0,1.0,0,iOS,Dallas,0,0.4
U0953,1,20.4,44.0,1.0,0.0,98,iOS,Austin,1,0.6
U0954,1,22.98,71.0,1.0,0.0,70,Android,Dallas,1,0.4
U0956,2,21.345,35.0,0.5,0.0,216,Android,Houston,1,0.6
U0957,1,39.71,45.0,1.0,0.0,7,Web,Dallas,0,0.2
U0958,1,34.21,47.0,1.0,1.0,190,iOS,San Antonio,1,0.7999999999999999
U0959,7,23.662857142857145,37.714285714285715,0.14285714285714285,0.2857142857142857,15,Web,Dallas,0,0.30000000000000004
U0960,3,18.77,35.666666666666664,0.6666666666666666,0.0,40,Android,Dallas,0,0.1
U0961,2,20.060000000000002,39.5,0.5,0.0,42,Web,Houston,1,0.2
U0962,6,22.746666666666666,32.333333333333336,0.5,0.3333333333333333,3,iOS,Plano,0,0.1
U0964,2,25.85,37.0,0.5,0.0,38,Android,Dallas,0,0.2
U0966,1,21.54,10.0,0.0,1.0,77,Web,San Antonio,0,0.4
U0967,2,34.980000000000004,39.5,0.0,0.5,65,Android,Austin,0,0.4
U0968,6,29.976666666666663,36.833333333333336,0.3333333333333333,0.16666666666666666,146,Android,Austin,1,0.5
U0969,5,26.560000000000002,36.6,0.6,0.4,2,iOS,Dallas,0,0.1
U0970,6,29.150000000000002,44.166666666666664,0.3333333333333333,0.16666666666666666,25,Android,Dallas,0,0.1
U0971,6,27.955000000000002,34.666666666666664,0.3333333333333333,0.3333333333333333,149,Android,Dallas,1,0.5
U0972,3,25.10666666666667,26.666666666666668,0.0,0.3333333333333333,107,iOS,Dallas,0,0.7
U0973,5,24.134,37.6,0.6,0.0,61,iOS,Plano,1,0.1
U0974,3,25.44666666666667,40.333333333333336,0.3333333333333333,0.3333333333333333,171,Web,Dallas,1,0.5
U0975,2,18.62,24.0,0.5,0.5,16,Android,Plano,0,0.2
U0976,2,44.33,29.0,0.0,0.0,145,iOS,Plano,1,0.7999999999999999
U0977,5,24.610000000000003,29.0,0.2,0.2,207,Web,Dallas,0,0.5
U0978,5,21.226,44.2,0.4,0.0,108,Web,Houston,0,0.5
U0979,1,25.32,37.0,1.0,0.0,101,Android,San Antonio,1,0.6
U0980,2,22.97,31.5,0.5,0.0,10,Android,Austin,0,0.2
U0982,3,13.583333333333334,24.0,0.3333333333333333,0.0,62,iOS,San Antonio,0,0.1
U0984,4,29.115000000000002,31.25,0.25,0.5,11,Android,Austin,0,0.1
U0985,3,19.913333333333334,39.666666666666664,0.6666666666666666,0.3333333333333333,18,iOS,Austin,0,0.1
U0986,1,34.11,55.0,0.0,0.0,125,iOS,Plano,1,0.95
U0987,5,23.6,34.4,0.4,0.6,87,Web,Dallas,0,0.1
U0988,5,26.924,33.0,0.4,0.4,6,Android,Houston,0,0.1
U0989,5,28.706,33.6,0.4,0.0,133,Web,Plano,1,0.5
U0990,9,27.27,30.0,0.6666666666666666,0.3333333333333333,28,Web,Houston,0,0.1
U0991,4,25.2175,30.5,0.25,0.25,52,Web,Dallas,0,0.1
U0992,5,27.160000000000004,39.8,0.2,0.4,30,iOS,Dallas,0,0.1
U0993,4,27.0,29.25,0.25,0.5,137,iOS,Plano,1,0.5
U0994,3,22.22,23.0,0.0,0.3333333333333333,2,Android,Dallas,0,0.30000000000000004
U0995,5,20.426,29.2,0.4,0.0,26,Android,San Antonio,0,0.1
U0996,3,32.45333333333333,30.666666666666668,0.3333333333333333,0.0,72,Web,Austin,1,0.1
U0997,4,32.2975,35.25,0.25,0.0,36,Web,Plano,0,0.1
U0998,1,37.85,35.0,0.0,0.0,32,Web,Houston,0,0.4
U0999,4,25.8475,38.75,0.0,0.25,26,Android,San Antonio,0,0.30000000000000004
